warburg, lozano, sanjeev, dinerstein, shellley, lis, lammers, bass, murphy, piwetz, kaminski, dasovich, griffith, adams, horton, miller, cooper, hopkinson, whalley, johnston, barkowsky, thompson, leahey, gustafson, grey, minns, griff, neuner, forster, fisher, perkins, mccoy, swank, rutherford, buckner, arfsten, munden, hansen, shapiro, raetta, schroeder, biliana, torrey, aaron, abbey, abbie, abdul, abe, abel, abigail, abraham, abram, abst, ada, adah, adalberto, adaline, adam, adan, addie, adela, adelaida, adelaide, adele, adelia, adelina, adeline, adell, adella, adelle, adena, adina, adj, adolfo, adolph, adopted, adria, adrian, adriana, adriane, adrianna, adrien, adrienne, afton, agatha, agnes, agnus, agueda, agustina, ahmad, ahmed, aida, aide, aiko, aileen, ailene, aimee, aja, akilah, alaina, alaine, alan, alana, alane, alanna, alayna, alba, albert, alberta, albertha, albertina, albertine, alberto, albina, alda, alden, aldo, alease, alec, alecia, aleen, aleisha, alejandra, alejandrina, alejandro, alena, alene, alesha, aleshia, alesia, alessandra, aleta, aletha, alethea, alethia, alex, alexander, alexandria, alexia, alexis, alfonso, alfonzo, alfred, alfreda, alfredia, alfredo, ali, alia, alica, alice, alicia, alida, alina, alisa, alise, alisha, alishia, alisia, alison, alissa, alita, alix, aliza, alla, allan, alleen, allegra, allen, allena, allene, allie, alline, allison, allyn, allyson, alma, almeda, almeta, alona, alonso, alonzo, alpha, alphonse, alphfonso, alta, altagracia, altha, althea, alton, alva, alvaro, alvera, alverta, alvin, alvina, alyce, alycia, alysa, alyse, alysha, alysia, alyson, alyssa, amado, amal, amalia, amanda, amber, amberly, ambrose, amee, amelia, america, ami, amie, amiee, amina, amira, ammie, amos, amparo, amy, ana, anabel, anamaria, anastacia, anastasia, andera, anderson, andra, andre, andrea, andreas, andres, andrew, andria, andy, anette, angela, angele, angelena, angeles, angelia, angelic, angelica, angelina, angeline, angelique, angelita, angella, angelo, angelyn, angie, angila, angla, anglea, anh, anibal, anika, anisha, anissa, anita, anitra, anjanette, anjelica, ann, anna, annabel, annabell, annabelle, annalee, annalisa, annamae, annamaria, annamarie, anne, anneliese, annelle, annemarie, annetta, annice, annie, annika, annis, annmarie, anthony, antione, antionette, antoine, anton, antone, antonetta, antonette, antonia, antonietta, antonina, antonio, antony, antwan, anya, apolonia, apryl, ara, araceli, aracelis, aracely, arcelia, archie, ardath, ardelia, ardell, ardella, ardelle, arden, ardis, ardith, aretha, argelia, argentina, ariana, arianna, arianne, arica, arie, ariel, arielle, arla, arlean, arleen, arlen, arlena, arlene, arletha, arletta, arlette, arlie, arlinda, arline, arlyne, armand, armanda, armandina, armando, armida, arminda, arnetta, arnette, arnita, arnold, arnoldo, arnulfo, arron, arthur, artie, arturo, arvilla, asa, asha, ashanti, ashely, ashlea, ashlee, ashleigh, ashley, ashli, ashlie, ashly, ashlyn, asia, asley, assunta, astrid, ups, athena, aubrey, audie, audra, audrea, audrey, audria, audrie, audry, augusta, augustina, augustine, augustus, aundrea, aura, aurea, aurelia, aurelio, aurora, aurore, austin, ava, avelina, avery, avis, avril, awilda, ayako, ayana, ayanna, ayesha, azalee, azucena, azzie, babara, babette, bailey, bambi, bao, barabara, barb, barbara, barbera, barbie, barbra, bari, barney, barrett, barrie, bart, basil, basilia, bea, beata, beatrice, beatris, beatriz, beau, beaulah, bebe, becki, becky, belen, belia, belinda, belkis, bella, belle, ben, benedict, benita, benito, benjamin, bennett, benny, benton, berenice, berna, bernadette, bernadine, bernard, bernarda, bernardina, bernardine, bernardo, adrianne, berneice, adriene, bernice, bernie, berniece, bernita, bert, agripina, berta, agustin, bertha, bertie, bertram, beryl, bess, bessie, beth, bethanie, aisha, bethann, akiko, bethany, bethel, betsey, bette, bettie, bettina, betty, bettyann, bettye, beula, beulah, bev, beverlee, beverley, beverly, bianca, bibi, billie, billy, billye, aleida, birgit, blaine, blair, blake, blanca, blanch, blanche, blondell, blythe, bobbi, bobbie, bobbye, alexa, bok, alexandra, bong, bonita, bonnie, bonny, boris, boyce, boyd, brad, bradford, bradley, bradly, brady, branda, aline, brande, brandee, branden, brandi, brandon, brandy, brant, breana, breann, breanna, breanne, bree, brenda, brendan, brendon, brenna, brent, brenton, bret, brett, brian, briana, brianne, brice, bridget, bridgett, bridgette, brigette, brigid, brigida, brigitte, brinda, britany, britney, britni, britt, britta, brittaney, brittani, brittanie, britteny, brittni, brittny, brock, broderick, bronwyn, bruce, amada, bruna, brunilda, bruno, bryan, bryanna, bryant, bryce, brynn, bryon, bud, buena, buffy, buford, bula, burl, burma, burt, burton, buster, analisa, byron, caitlin, caitlyn, calandra, caleb, calista, andree, callie, calvin, camelia, camellia, cameron, camie, camila, camilla, camille, cammy, candace, candance, angelika, candelaria, candi, candice, candida, candis, candyce, caprice, caption, cara, caren, carey, cari, anisa, caridad, carie, carina, carisa, anja, carissa, carita, carl, carla, carlee, carleen, carlena, carlene, carletta, carley, carli, carline, carlita, carlo, carlos, carlota, annett, carlotta, annette, carlton, carly, carlyn, carma, annita, carman, carmel, carmela, carmelia, carmelina, antoinette, carmelita, carmella, carmelo, carmen, carmina, carmine, carmon, carol, carola, carolann, carole, carolee, carolin, caroline, caroll, carolyn, carolyne, carolynn, caron, caroyln, carri, carrie, carrol, carson, cary, caryl, carylon, caryn, casandra, casey, casie, ariane, casimira, cassandra, cassaundra, cassey, cassidy, cassie, cassondra, cassy, catalina, catarina, caterina, catharine, catherin, catherina, catherine, cathern, catheryn, cathey, cathi, cathie, cathleen, cathrine, cathryn, cathy, catina, catrice, catrina, cayla, cecil, cecila, cecile, aron, cecilia, cecille, cecily, cedric, cedrick, celena, celesta, celeste, celestina, celestine, celia, celina, celinda, celine, celsa, ceola, cesar, chad, ashton, chadwick, chae, chan, chana, asuncion, chanda, chandra, chanel, chanell, chanelle, chang, chantal, chantay, chante, chantel, chantell, chantelle, chara, charis, charise, charissa, charisse, charita, charla, charlena, charlene, charles, charlesetta, charlette, charley, charlie, charline, charlott, charlotte, charlsie, charlyn, charmaine, charolette, chasidy, chasity, chastity, chau, chauncey, chaya, barbar, chelsea, chelsey, chelsie, cher, chere, cheree, cherelle, cheri, barry, cherie, barton, cherilyn, cherish, cherlyn, cherri, cherrie, cherry, cherryl, chery, cheryl, cheryle, cheryll, beckie, chester, chet, cheyenne, chi, chia, chieko, chin, china, ching, belva, chiquita, chloe, chong, chris, chrissy, christa, bennie, christal, christeen, christel, christen, christene, christi, christia, christian, christiana, christiane, christie, christin, bernetta, christina, christine, christinia, christoper, berry, christopher, christy, chrystal, chu, chuck, chun, chung, cicely, ciera, cierra, cinda, cinderella, cindi, cindy, betsy, cinthia, cira, clair, clara, clare, clarence, claretha, claretta, claribel, clarice, clarine, claris, clarisa, clarissa, clarita, billi, clark, classie, claud, claude, claudette, claudia, claudie, claudine, claudio, clay, clayton, clemencia, clement, clemente, clementina, bob, clementine, clemmie, bobby, cleo, bobette, cleopatra, cleora, cleotilde, cleta, cletus, cleveland, cliff, clifford, clifton, clint, clinton, clora, clorinda, clotilde, clyde, codi, cody, colby, coleen, brandie, coleman, colene, coletta, colette, colin, colleen, collen, collene, collette, collin, columbus, concepcion, conception, concetta, concha, conchita, connie, brianna, conrad, constance, consuela, consuelo, contessa, cora, coral, coralee, coralie, corazon, cordelia, cordell, cordia, cordie, coreen, corene, coretta, corey, brittany, corie, brittney, corina, corine, corinna, corinne, corliss, cornelia, cornelius, cornell, corrie, corrin, corrina, corrine, corrinne, cortez, cortney, couldnt, courtney, buck, coy, craig, creola, cried, cris, criselda, bulah, crissy, crista, cristal, cristen, cristi, cristie, cristin, cristina, cristine, cristobal, cristopher, cristy, cruz, crysta, crystal, crystle, cuc, cami, curt, curtis, cyndi, cyndy, cammie, cynthia, cyril, cyrstal, cyrus, cythia, dacia, candie, dagmar, candra, dagny, dahlia, daina, daine, daisey, daisy, dakota, dale, dalene, carin, dalia, dalila, dallas, dalton, damaris, damian, damien, damion, damon, dan, dana, danae, dane, carlie, danelle, danette, dani, danial, danica, daniel, daniela, daniele, daniell, daniella, danielle, danika, danille, danilo, danita, dann, danna, dannette, dannie, dannielle, danny, danuta, danyel, danyell, danyelle, daphine, dara, darby, carolina, darcel, darcey, darci, darcie, darcy, darell, daren, daria, darin, dario, carroll, darius, darla, carter, darleen, darlena, darlene, darline, darnell, daron, darrel, darrell, darren, darrick, darrin, cassi, darron, darryl, darwin, daryl, dave, david, davida, davina, davis, dawn, dawna, dawne, dayle, dayna, daysi, deadra, dean, deana, deandra, deandre, deandrea, deane, deangelo, cecelia, deann, deanna, deanne, deb, debbi, debbie, debbra, debby, debera, debi, debora, deborah, debra, debrah, debroah, dede, dedra, dee, deeann, deeanna, deedee, deena, deetta, deidra, deidre, deirdre, deja, del, delana, delbert, delcie, delena, delfina, delia, delicia, delila, delilah, delinda, delisa, dell, della, delma, delmar, delmer, delmy, delois, charleen, deloise, delora, deloras, delores, deloris, delorse, delpha, delphia, delphine, delsie, demarcus, charmain, demetra, demetria, chas, demetrice, demetrius, dena, chassidy, denae, deneen, denese, denice, denis, denise, denisha, denita, denna, dennis, dennise, denny, denver, denyse, cherise, deon, cherly, deonna, derek, derick, derrick, deshawn, desirae, desire, desiree, despina, dessie, detra, devin, devon, devona, devora, devorah, dewayne, dewey, dewitt, dexter, dia, dian, diana, diane, diann, dianna, christena, dianne, dick, diedra, diedre, diego, dierdre, digna, dillon, dimple, dina, dinah, dino, dinorah, dion, dione, dionna, dionne, ciara, dirk, divina, dixie, dodie, cindie, dollie, dolly, dolores, claire, doloris, domenic, domenica, dominga, domingo, dominic, dominica, clarinda, dominick, dominique, dominque, domitila, domonique, don, dona, donald, donella, donetta, donette, dong, donita, donn, donna, donnell, clelia, donnetta, donnette, donnie, donny, donovan, donte, donya, dora, dorathy, dorcas, doreatha, doreen, dorene, doretha, dorethea, doretta, dori, doria, dorian, dorie, dorinda, dorine, doris, dorla, cole, dorotha, dorothea, dorothy, dorris, dorsey, dortha, dorthea, dorthey, dorthy, dotty, colton, doug, douglas, douglass, dovie, doyle, dreama, drew, drucilla, duane, dudley, dulcie, dung, dusti, dustin, dusty, dwana, dwayne, dwight, dylan, earl, earle, earlean, cori, earleen, earlene, earlie, earline, earnest, earnestine, eartha, easter, eboni, ebonie, ebony, edda, eddie, cory, eddy, edelmira, eden, edgardo, edie, edith, edmond, edmund, edmundo, edna, edra, edris, eduardo, edward, edwardo, edwin, edyth, edythe, effie, efrain, efren, ehtel, eilene, ela, eladia, elaina, elaine, elana, elane, elanor, elayne, elba, elda, elden, eldon, eldora, eldridge, eleanor, eleanora, eleanore, elease, elena, elene, eleni, elenor, elenora, eleonor, eleonora, eleonore, elfreda, elfrieda, elfriede, eli, elia, eliana, elias, dania, elicia, elida, elidia, elijah, elina, elinor, elinore, elisa, elisabeth, elise, eliseo, elisha, elissa, eliz, eliza, elizabeth, elizbeth, elizebeth, dante, elke, ella, ellamae, ellan, ellen, daphne, ellena, elli, ellie, elliot, elliott, ellis, ellsworth, elly, ellyn, elma, elmer, elmira, elmo, elna, elnora, elodia, elois, eloisa, eloise, elouise, eloy, elroy, elsa, elsie, elsy, elton, elva, elvera, elvia, elvie, elvina, elvira, elvis, elwanda, elwood, elyse, elza, ema, emanuel, emelda, emelia, emelina, emeline, emely, emerald, emerita, emerson, emery, emiko, emil, emile, emilee, emilia, emilie, emilio, emily, emma, emmaline, emmanuel, emmie, emmitt, emmy, emogene, emory, ena, enda, enedina, deedra, enid, enoch, enola, enrique, enriqueta, epifania, delaine, era, erasmo, eric, erica, erich, erick, ericka, erik, erika, erin, erinn, erlene, erlinda, erline, erma, ermelinda, erminia, erna, ernest, ernestina, ernestine, ernesto, ernie, errol, ervin, erwin, eryn, esmeralda, esperanza, essie, esteban, estefana, estela, estell, estella, estelle, ester, esther, estrella, etha, ethan, denisse, ethel, ethelene, ethelyn, ethyl, etsuko, etta, ettie, eufemia, eugena, eugene, eugenia, eugenie, eugenio, eula, eulah, eulalia, desmond, eun, euna, eunice, eura, eusebia, eusebio, eustolia, evalyn, evan, evangelina, evangeline, eve, evelia, evelin, evelina, eveline, evelyn, evelyne, evelynn, everett, everette, evette, evia, evie, evita, evon, evonne, ewa, exie, ezekiel, ezequiel, ezra, fabian, fabiola, fae, fallon, fannie, fanny, farah, farrah, fatima, fatimah, faustina, faustino, fausto, fawn, fay, faye, felecia, felica, felice, felicia, felicidad, felicita, felicitas, felipa, felipe, felisa, felisha, felix, felton, ferdinand, fermin, fermina, fern, fernanda, fernande, fernando, ferne, fidel, fidela, fidelia, filiberto, filomena, fiona, flavia, fleta, fletcher, flo, flor, flora, florance, florence, florencia, florencio, florene, dottie, florentina, florentino, floretta, floria, florida, florinda, florine, drema, florrie, flossie, drusilla, floy, floyd, dulce, fonda, duncan, dwain, forrest, dyan, fran, france, francene, frances, francesca, francesco, franchesca, francie, francina, francine, francis, francisca, francisco, francoise, frank, eda, frankie, franklyn, fransisca, fred, freda, edgar, fredda, freddie, edison, freddy, frederic, frederica, frederick, fredericka, fredia, fredric, fredrick, fredricka, freeda, freeman, edwina, freida, frida, frieda, fritz, fumiko, eileen, gabriel, gabriela, gabriele, gabriella, gabrielle, gail, gala, gale, elbert, galen, galina, garfield, garland, garnet, garnett, garret, garrett, garry, gary, gaston, gavin, gaye, elenore, gayla, gayle, gaylene, gaylord, gaynell, gearldine, gema, gemma, gena, geneva, genevie, genevieve, elin, genevive, genia, genna, gennie, genny, genoveva, geoffrey, georgann, george, georgeann, elizabet, georgeanna, georgene, georgetta, georgette, georgia, georgiana, georgiann, georgianne, georgina, georgine, gerald, geraldine, geraldo, geralyn, gerard, gerardo, gerda, geri, german, gerri, gerry, gertie, gertrude, gertrudis, ghislaine, gia, gianna, gidget, gigi, gilbert, gilberte, gilberto, gilda, gillian, gilma, gina, ginette, elvin, ginny, gino, giovanna, giovanni, gisela, gisele, giselle, gita, giuseppe, giuseppina, gladis, glady, gladys, glayds, glen, glenda, glendora, glenn, glenna, glennie, glennis, glinda, gloria, glynda, glynis, golda, emmett, goldie, gonzalo, gordon, gracia, gracie, eneida, graciela, grady, graham, grant, granville, grayce, grazyna, gregg, gregoria, gregorio, gregory, greta, gretchen, gretta, gricelda, grisel, griselda, guadalupe, gudrun, guillermina, guillermo, gus, gussie, gustavo, gwen, gwenda, gwendolyn, gwenn, gwyn, gwyneth, hae, hai, esta, hailey, hal, haley, halina, halley, hallie, han, hanh, hank, hanna, hannah, hannelore, hans, harlan, harland, harley, harold, harriet, harriett, harriette, harris, harrison, harry, harvey, hassan, hassie, hattie, haydee, eva, hayden, hayley, haywood, hazel, hector, hed, hedwig, hedy, heide, heidi, heidy, heike, helaine, helen, helena, helene, helga, hellen, henrietta, henriette, henry, herbert, herlinda, herma, herman, hermelinda, hermina, hermine, faviola, herminia, herschel, federico, hershel, hertha, hes, hester, hettie, hien, hilaria, hilario, hilary, hilda, hildegard, hildred, hillary, hilma, hilton, hipolito, hiroko, hoa, hobert, holley, holli, hollie, horace, horacio, hortencia, hortense, hortensia, hosea, houston, howard, hoyt, hubert, huey, hugh, hui, hulda, humberto, huong, hwa, hye, hyman, hyo, hyon, ian, ida, idalia, idell, idella, iesha, ignacio, franklin, ike, ilana, ileana, ileen, ilene, iliana, ill, illa, ilona, ilse, iluminada, ima, imelda, imogene, india, indira, inell, ines, inez, inga, inge, ingeborg, inger, ingrid, inocencia, iola, iona, garth, ione, iraida, irena, irene, iris, irish, irma, irmgard, irvin, irving, gaynelle, isa, isaac, isabel, genaro, isabell, isabella, isadora, isaiah, isaias, isaura, isela, isiah, isidra, isidro, isis, ismael, isobel, israel, isreal, issac, ivan, ivana, ive, georgianna, ivelisse, georgie, ivey, ivonne, ivory, ivy, izetta, izola, jacalyn, jacelyn, germaine, jacinda, jacinta, jacinto, gertha, jackeline, gertrud, jackelyn, jacki, gertude, jackie, jacklyn, jackqueline, jackson, jaclyn, gil, jacob, jacqualine, jacque, jacquelin, jacqueline, jacquelyne, jacquelynn, jacques, jacquetta, jacqui, jacquie, jacquiline, jacquline, jacqulyn, jada, jadwiga, jae, jaime, jaimee, jaimie, jake, jaleesa, jalisa, jama, jamaal, jamal, jamar, jame, jamee, jamel, james, jamey, jami, jamie, jamika, jamila, jamison, jammie, jan, jana, janae, janay, jane, janean, janee, janeen, graig, janel, janell, janella, janelle, greg, janene, janessa, janet, janeth, janett, janetta, janette, janey, jani, janice, grover, janie, janina, janine, janis, janise, janita, jann, janna, jannet, jannette, jannie, janyce, jaqueline, jaquelyn, jared, jarod, jarred, jarrett, jarrod, jarvis, jasmin, jason, jasper, hana, jaunita, javier, jay, jaye, jayme, jaymie, jayna, jayne, jayson, jazmin, jazmine, jean, jeana, jeane, jeanelle, jeanene, jeanett, jeanetta, jeanette, jeanice, jeanie, jeanine, jeanmarie, jeanna, jeanne, jeannetta, jeannette, jeannie, jeannine, jed, jeff, hee, jefferey, jefferson, jeffery, jeffie, jeffrey, jeffry, jen, jena, jenae, jene, jenee, jenell, jenelle, jenette, jeneva, heriberto, jeni, jenice, jenifer, jeniffer, hermila, jenine, jenise, jenna, jennefer, jennell, herta, jennette, jenni, jennie, hiedi, jennifer, jenniffer, jennine, jerald, jeraldine, hilde, jeramy, hildegarde, jere, jeremiah, jeri, jerica, jerilyn, hiram, jermaine, hisako, jerold, jerome, jeromy, jerrell, jerri, hollis, jerrica, jerrie, jerrod, jerrold, jerry, jesica, jess, jesse, jessenia, jessi, jessia, jessica, jessika, jestine, hsiu, jesus, hue, jesusa, jesusita, hugo, jetta, jettie, jewel, jewell, jill, jillian, hyacinth, jim, jimmie, jin, jina, hyun, jinny, joan, joana, joane, joann, ignacia, joanna, joanne, ila, joannie, ilda, joaquin, joaquina, jocelyn, jodee, jodi, jodie, jody, joeann, joel, joella, joelle, joellen, ina, joesph, joetta, joette, joey, johana, johanna, johanne, john, johna, johnathan, johnathon, johnetta, johnie, johnna, ira, johnnie, johnny, johnsie, irina, johnson, joi, joie, jolanda, joleen, jolene, irwin, jolie, joline, jolyn, jolynn, jon, isabelle, jona, jonah, jonas, jonathon, jone, jonell, jonelle, jong, joni, jonie, jonna, jonnie, jordan, jordon, iva, jorge, jose, josef, ivette, josefa, josefina, josefine, joselyn, joseph, josephina, josephine, josette, josh, joshua, josiah, josie, jack, joslyn, jospeh, josphine, josue, jovan, joy, joya, joyce, joycelyn, joye, juan, juana, juanita, jacquelyn, jude, judi, judie, judith, judson, judy, julee, julene, jules, juli, jade, julia, julian, juliana, juliane, juliann, julianna, julianne, julie, julieann, julienne, juliet, julieta, julietta, juliette, julio, julissa, julius, jung, junie, junita, junko, justa, justina, justine, jutta, kacey, kaci, kacie, kacy, kai, kaila, kaitlin, kaitlyn, kala, kaleigh, kaley, kali, kallie, kalyn, kam, kamala, janiece, kami, kamilah, kandace, kandice, kandis, kandra, kandy, kanesha, kanisha, kara, karan, kareem, kareen, karen, karena, karey, kari, karie, karima, karin, karina, jasmine, karine, karisa, karissa, karl, karla, karleen, karlene, karly, karlyn, karmen, karol, karole, karoline, karolyn, karon, karren, karri, karrie, karry, kary, karyl, karyn, kasandra, kasha, kasi, kassandra, kassie, kate, katelin, katelyn, katelynn, katerine, kathaleen, katharina, katharine, katharyn, kathe, katheleen, katherin, katherine, kathern, kathey, kathi, kathie, kathleen, kathlene, kathline, kathlyn, kathrin, kathrine, kathryn, kathryne, kathy, kathyrn, kati, katia, katie, katlyn, katrice, katrina, kattie, katy, kay, jenny, kayce, kaycee, kaye, kayla, kaylee, jeremy, kayleen, kayleigh, kaylene, jerlene, kazuko, kecia, keeley, keely, keena, keesha, keiko, keila, keira, keisha, keith, jesenia, keitha, keli, kelle, kelley, kelli, kellie, kelly, jessie, kellye, kelsey, kelsi, kelsie, kelvin, kemberly, ken, kena, kenda, kendal, kendall, kendra, kendrick, keneth, jimmy, kenia, kenisha, kenna, kenneth, kenny, kent, kenton, joanie, kenyatta, kenyetta, kera, keren, keri, kermit, kerri, kerrie, kerry, kerstin, kesha, joe, keshia, keturah, keva, keven, kevin, khadijah, khalilah, kia, kiana, kiara, kiera, kiersten, kiesha, kieth, kim, kimber, kimberlee, johnette, kimberley, kimberlie, kimberly, kimbery, kimbra, kimi, kimiko, kina, kindra, kira, kirby, kirk, kirsten, kirstie, kirstin, kisha, jonathan, kiyoko, kizzie, kizzy, klara, korey, kori, kortney, kory, kourtney, kraig, kris, krishna, krissy, krista, kristal, kristan, kristeen, kristel, kristen, kristi, kristian, kristie, kristin, kristina, kristine, kristofer, kristy, kristyn, krysta, jovita, krystal, krysten, krystin, krystina, krystle, krystyna, kum, kurt, kurtis, kyla, kyle, kylee, kylie, kym, jule, kymberly, kyoko, kyong, kyra, kyung, lacey, lachelle, laci, lacie, lacresha, lacy, ladawn, ladonna, lael, lahoma, lai, laine, lajuana, lakeesha, lakeisha, lakendra, lakenya, lakesha, lakeshia, lakia, lakiesha, justin, lakisha, lakita, lala, lamonica, lamont, lan, lana, lance, landon, lanell, lanelle, lanette, lani, lanie, lanita, lannie, lanny, lanora, laquanda, laquita, lara, larae, kandi, laraine, laree, larhonda, larisa, larissa, larita, laronda, larraine, larry, larue, lasandra, lashanda, lashandra, lashaun, lashaunda, lashawn, lashawna, lashay, lashell, lashon, lashonda, lashunda, latanya, latasha, latashia, latesha, latia, laticia, latina, latisha, latonia, latonya, latoria, latosha, latoya, latoyia, latrice, latricia, latrina, latrisha, kasey, kasie, launa, laura, lauralee, lauran, laure, laureen, laurel, lauren, laurena, laurence, laurene, lauretta, laurette, lauri, katherina, laurice, laurie, katheryn, laurinda, laurine, lauryn, lavada, lavelle, lavenia, lavera, lavern, laverna, laverne, laveta, lavette, lavinia, lavon, lavona, lavonda, katina, lavone, lavonia, lavonna, lawana, lawanda, lawanna, lawerence, lawrence, layla, layne, lazaro, lea, leah, leana, leandra, leandro, leann, keenan, leanna, leanne, leanora, leatha, leatrice, lecia, leda, leeann, kellee, leeanna, leeanne, leena, leesa, leia, leida, leif, leigha, leighann, leila, leilani, leisa, leisha, lekisha, lela, lelah, leland, lelia, lemuel, len, kennith, lena, lenard, lenita, kenya, lenna, lennie, lenny, lenora, lenore, leo, leola, leoma, leon, leona, leonard, leonarda, leonardo, leone, leonel, leonia, leonida, leonie, leonila, leonor, leonora, leonore, leontine, leopoldo, leora, kiley, leota, lera, kimberely, leroy, les, kimberli, lesa, lesha, lesia, leslee, lesley, lesli, leslie, lessie, kip, lester, leta, letha, leticia, letisha, letitia, lettie, letty, levi, lewis, lezlie, lia, liana, liane, lianne, libbie, libby, librada, lida, lidia, lien, lieselotte, ligia, lila, lili, lilia, lilian, liliana, lilla, kristle, lilli, kristopher, lillia, lilliam, lillian, lilliana, lillie, lilly, lily, lin, lina, lincoln, linda, lindsay, lindsey, lindsy, lindy, linette, linh, linn, linnea, linnie, lino, linsey, linwood, lionel, lisa, lisabeth, lisandra, lisbeth, lise, lisette, lisha, laila, lissa, lissette, lita, livia, liz, liza, lizabeth, lizbeth, lizeth, lizette, lizzette, lizzie, lamar, lloyd, logan, loida, lois, lola, lolita, loma, lon, lona, londa, loni, lonna, lonnie, lonny, lora, loraine, loralee, lore, lorean, loree, loreen, lorelei, loren, lorena, lorene, lorenza, lorenzo, loreta, loretta, lorette, lori, loria, loriann, lorie, lorilee, lashawnda, lorinda, loris, lorita, lorna, lorraine, lasonya, lorretta, latarsha, lorri, lorriane, lorrie, lorrine, lory, lottie, lou, louanne, louella, louetta, louie, louis, louisa, louise, loura, lourdes, lourie, lovella, lovetta, lowell, loyce, loyd, ltd, luana, luann, luanna, luanne, luba, lucas, luci, lucia, luciano, lucie, lucien, lucienne, lucila, lucilla, lucille, lucina, lucio, lucius, lucrecia, lavina, lucretia, lucy, ludie, ludivina, luella, luetta, luigi, lavonne, luis, luisa, luise, luke, lula, lulu, luna, lupe, lupita, lura, lurlene, lurline, luther, luvenia, luz, lyda, lydia, lyla, lyle, lyman, lyn, lynda, lyndia, lee, lyndon, lyndsay, lyndsey, lynell, lynelle, lynette, lynn, lynna, lynne, lynnette, lynsey, lynwood, mabel, mabelle, mable, mac, machelle, macie, mack, mackenzie, macy, madalene, madaline, madalyn, maddie, madelaine, madeleine, madelene, madeline, madelyn, madge, madie, madison, madlyn, madonna, mae, maegan, mafalda, magali, magaly, magan, magaret, magda, magdalen, magdalena, magdalene, magen, maggie, magnolia, mahalia, mai, maia, maida, maile, maira, maire, maisha, maisie, majorie, makeda, malcolm, malcom, malena, malia, malik, malika, malinda, malisa, lexie, malissa, malka, mallie, mallory, malorie, mamie, mammie, mana, manda, mandi, mandie, mandy, manie, manuel, manuela, maple, mara, maragaret, maragret, maranda, marc, marcel, marcela, marcelina, marceline, marcelino, marcell, marcella, marcelle, marcellus, marcelo, marcene, marchelle, marcia, marcie, marcos, marcus, marcy, maren, marg, margareta, margarett, margaretta, margarette, margarita, margarite, margarito, margart, margene, margeret, margert, margery, marget, margherita, margie, margit, margo, margorie, margret, margrett, marguerita, marguerite, margurite, margy, marhta, mari, maria, loise, mariah, mariam, marian, mariana, marianela, mariann, marianna, marianne, mariano, maribel, maribeth, marica, maricela, maricruz, marie, mariel, mariela, mariella, marietta, mariette, mariko, marilee, marilou, marilu, marilyn, marilynn, marin, marina, marinda, marine, mario, marion, lorina, maris, lorine, marisa, marisela, marisha, marisol, marissa, marita, maritza, marivel, marjory, mark, marketta, markita, louann, markus, marla, marlana, marleen, marlen, marlena, marlene, marlin, marline, marlo, louvenia, marlon, marlyn, marlys, marna, marni, marnie, marquerite, marquetta, marquis, marquita, marquitta, marry, marsha, marshall, marth, martha, luciana, marti, martin, martina, martine, marty, lucile, marva, marvel, marvella, lucinda, marvin, marvis, marx, mary, marya, maryalice, maryam, lue, maryann, maryanna, maryanne, marybelle, marybeth, maryellen, maryetta, maryjane, maryjo, maryland, marylee, marylin, maryln, marylou, marylouise, marylyn, marylynn, maryrose, masako, mason, matha, mathew, mathilda, mathilde, matilda, matilde, matt, matthew, mattie, maud, maude, lynetta, maudie, maura, maureen, maurice, mauricio, maurine, maurita, mauro, mavis, max, maxie, maxima, maximina, maximo, maxine, maxwell, maya, maybell, maybelle, maye, mayme, maynard, mayola, mayra, mazie, mckenzie, mckinley, meagan, meaghan, mechelle, meda, mee, meg, megan, meggan, meghan, meghann, mei, mel, melaine, melani, melania, melanie, melany, melba, melda, melia, melida, melina, melinda, melisa, melissa, melissia, melita, mellie, mellisa, mellissa, melodee, melodi, melodie, melonie, melony, melva, malvina, melvin, melvina, mendy, mercedes, mercedez, meredith, meri, merideth, meridith, merilyn, merissa, merle, mao, merlene, merlin, merlyn, merna, merri, merrie, merrilee, merrill, marcelene, merry, mertie, mervin, meryl, meta, mia, mica, micaela, micah, marci, michael, michaela, marco, michaele, michal, michale, mardell, micheal, michel, margaret, michele, margarete, michelina, micheline, michell, michelle, michiko, mickey, micki, marge, mickie, miesha, migdalia, mignon, miguelina, mika, mikaela, mike, mikel, miki, margot, mikki, milagro, milagros, milan, milda, mildred, miles, milford, milissa, millard, millie, milly, milo, milton, mimi, min, mina, minda, mindi, mindy, minerva, ming, minh, minna, minnie, minta, marielle, miquel, mira, miranda, mireille, mireya, miriam, mirian, mirna, mirta, mirtha, misha, missy, misti, mistie, mitch, mitchel, mitchell, mitsue, mitsuko, mittie, marjorie, mitzi, mitzie, miyoko, modesto, mohamed, mohammad, mohammed, moira, mollie, molly, mona, monet, monica, monika, monique, monnie, monroe, monserrate, monte, monty, mora, morgan, moriah, morris, marta, morton, mose, moses, moshe, mozell, mozella, mozelle, mui, muoi, murray, myesha, myles, myong, myra, myrl, myrle, myrna, myron, myrta, myrtie, myrtle, myung, nada, nadene, nadia, naida, nakesha, nakia, nakisha, nakita, nam, nan, nana, nancee, nancey, nanci, nancie, nancy, nanette, nannette, nannie, naoma, naomi, napoleon, narcisa, natacha, natalia, natalie, natalya, natasha, natashia, nathalie, nathanael, nathanial, natisha, natividad, natosha, neal, necole, ned, neda, nedra, neely, neida, neil, nelda, nelia, nelida, nell, nella, nelle, nellie, nelly, nelson, nena, nenita, neoma, neomi, nereida, nerissa, nery, nestor, neta, nettie, neva, nevada, neville, newton, nga, ngan, ngoc, nguyet, nia, nichelle, nichol, nicholas, nichole, melynda, nicholle, nick, nicki, nickie, nickole, nicky, nicol, nicola, nicolas, nicolasa, nicole, nicolette, nicolle, nida, nidia, niesha, nieves, nigel, niki, nikia, nikita, nikki, nikole, nila, nilda, nilsa, nina, micha, ninfa, nisha, nita, noah, noble, nobuko, noe, noel, noelia, noella, noelle, noemi, nola, nolan, noma, nona, miguel, noone, nora, norah, norbert, norberto, mila, noreen, noriko, norine, norma, norman, normand, nova, millicent, novella, nubia, nydia, nyla, obdulia, ocie, octavia, octavio, oda, odelia, odell, odessa, odette, odilia, odis, mirella, ofelia, ola, olen, olene, oleta, olevia, olga, olimpia, olin, olinda, oliva, olive, oliver, olivia, ollie, olympia, oma, modesta, omar, omer, omitted, moises, ona, oneida, onie, onita, opal, ophelia, oralee, oralia, ord, oren, oretha, orlando, orpha, orval, orville, oscar, ossie, osvaldo, oswaldo, otelia, muriel, otha, otilia, otis, myriam, otto, ouida, myrtice, myrtis, ozell, ozella, ozie, nadine, pablo, paige, palma, palmer, palmira, pamala, pamela, pamelia, pamella, pamila, pamula, pansy, paola, paris, parker, parthenia, particia, pasquale, pasty, pat, nathan, patria, patrica, nathaniel, patrice, patricia, patrina, patsy, patti, pattie, patty, paula, paulene, paulette, pauline, paulita, paz, pearle, pearlene, pearlie, pearline, pedro, peg, peggie, peggy, pei, penelope, penney, penni, pennie, percy, perla, perry, pete, peter, petra, petrina, petronila, phebe, phil, philip, phillip, phillis, philomena, phung, phuong, nickolas, phylicia, phylis, phyliss, pia, piedad, pierre, pinkie, piper, pok, polly, porfirio, porsche, porsha, porter, portia, preston, pricilla, priscila, priscilla, providencia, qiana, quentin, quiana, quincy, quinn, nohemi, quintin, quinton, quyen, rachael, rachal, racheal, rachel, rachele, norene, rachell, rachelle, racquel, rae, raeann, norris, raelene, rafael, rafaela, raguel, raina, raisa, raleigh, ralph, ramiro, ramon, ramona, ramonita, rana, ranae, randa, randal, randall, randee, randi, randolph, ranee, raphael, raquel, rashad, rasheeda, rashida, raul, raven, ray, raye, rayford, raymon, raymond, raymonde, raymundo, rayna, rea, reagan, reatha, reba, rebbeca, rebbecca, ora, rebeca, rebecca, rebecka, rebekah, reed, reena, refugio, regan, regena, regenia, reggie, regina, reginald, regine, reginia, reid, reiko, reina, reinaldo, reita, rema, remedios, remona, pam, rena, renaldo, renata, renate, renato, renay, pandora, renda, renea, renetta, renita, ressie, reta, retha, retta, reuben, reva, rex, reyes, patrick, reyna, reynaldo, rhea, rheba, rhett, paul, rhiannon, rhoda, pauletta, rhona, paulina, rhonda, ria, ricardo, richard, richelle, richie, rick, rickey, ricki, rickie, ricky, rico, rigoberto, rikki, riley, rima, rina, risa, rita, rivka, robbi, robbie, robby, robbyn, robena, robert, roberta, roberto, robin, robt, robyn, rocco, phoebe, rochel, rochell, rochelle, rocio, rocky, phyllis, rod, roderick, rodger, rodney, rodolfo, rodrick, rodrigo, rogelio, roger, roland, rolanda, rolande, rolando, rolf, rolland, roma, romaine, roman, romana, romelia, romeo, romona, pura, ron, rona, ronald, roni, ronna, ronni, ronnie, ronny, roosevelt, rory, rosa, rosalba, rosalee, rosalia, rosalie, rosalind, rosalinda, rosaline, rosalva, rosalyn, rosamaria, rosamond, rosana, rosann, rosanna, rosanne, rosaria, rosario, rosaura, roscoe, roseann, roseanna, roseanne, roselee, roselia, roseline, rosella, randell, roselle, roselyn, randy, rosemarie, rosemary, rosena, rosenda, rosendo, rosetta, rosette, rosia, rosie, rosina, rosio, raylene, roslyn, ross, rossana, rossie, rosy, rowena, roxana, reanna, roxane, roxann, roxanna, roxanne, roxie, roy, royal, royce, reda, rozanne, rozella, ruben, rubi, rubie, rubin, rubye, rudolf, rudolph, rudy, rueben, rufina, rufus, rupert, russel, russell, ruth, rutha, ruthann, renae, ruthanne, ruthe, ruthie, ryan, ryann, rene, sabina, renee, sabine, sabra, renna, sabrina, sacha, sachiko, sade, sadie, sadye, sage, rey, sal, reynalda, salena, salina, salley, sallie, sally, salome, salvador, salvatore, sam, ricarda, samantha, samara, samatha, samella, samira, sammie, sammy, samual, samuel, sana, sanda, sandee, sandi, sandie, sandra, sandy, sanford, riva, sang, rob, sanjuana, sanjuanita, robbin, sanora, santa, santana, santiago, santo, santos, sara, sarah, sarai, saran, sari, sarina, sarita, sasha, saturnina, sau, saul, saundra, savanna, scarlet, scarlett, scot, scott, scottie, scotty, sean, sebastian, sebrina, seema, ronda, selena, selene, selina, selma, sena, senaida, serafina, serena, sergio, serina, serita, rosalina, seth, seymour, sha, shad, shae, shaina, shakia, shakita, shala, shalanda, shalon, shalonda, shameka, shamika, shan, shana, shanae, shanda, shandi, shandra, shane, shaneka, shanel, shanell, shanelle, shanice, shanika, shaniqua, shanita, shannan, shannon, rosita, shanon, shanta, shantae, shantay, shante, shantel, shantell, shantelle, shanti, shaquana, shaquita, shara, roxy, sharan, sharda, sharee, sharell, sharen, shari, sharice, sharie, sharika, ruby, sharilyn, sharla, sharleen, sharlene, sharmaine, sharolyn, sharon, sharri, russ, sharyl, sharyn, shasta, shaun, shauna, shaunda, shaunna, shaunta, shaunte, shavon, shavonda, shavonne, shawana, shawanda, shawanna, shawn, shawnda, shawnee, shawnna, shawnta, shay, shayla, shayna, shayne, shea, sheba, shed, sheena, sheila, sheilah, shela, shelba, shelby, sheldon, shelia, shella, shelley, shelli, shellie, shelly, shemeka, shemika, shena, shenika, shenita, shenna, shera, sheree, sherell, sheri, sherice, sheridan, sherie, santina, sherika, sherill, sherilyn, sherise, sherita, sherlene, sherley, sherly, sherlyn, sherman, sheron, sherrell, sherri, sherrie, sherril, savannah, sherrill, sherron, sherry, sherryl, sherwood, shery, sheryl, sheryll, shes, shiela, shila, shiloh, shin, shira, shirely, shirl, shirlee, shirleen, shirlene, shirley, shirly, shizue, shizuko, shon, shona, setsuko, shonda, shondra, shonna, shonta, shoshana, shu, shakira, shyla, sibyl, sid, sidney, sierra, signe, sigrid, silas, silva, silvana, silvia, sima, simon, simona, simone, simonne, sina, shani, sindy, siobhan, sirena, siu, shanna, skye, slyvia, socorro, sofia, soila, sol, solange, soledad, solomon, somer, sommer, sona, sharita, sondra, sonia, sonja, sonny, sonya, sharonda, soo, sharron, sook, sophia, sophie, soraya, spencer, stacee, stacey, staci, stacia, stacie, stacy, stanford, shawna, stanley, stanton, starla, starr, stefan, stefani, stefania, stefanie, stefany, steffanie, stella, stepanie, stephan, stephane, stephani, stephania, stephanie, stephen, stephenie, stephine, stephnie, sterling, shelton, steve, steven, stevie, stewart, stuart, suanne, sudie, sue, sueann, suellen, suk, sulema, sumiko, sunni, susan, susana, susann, susanna, susannah, susanne, susie, susy, suzan, suzann, suzanna, suzanne, suzette, suzi, suzy, svetlana, sybil, syble, sydney, sylvester, sylvia, sylvie, synthia, syreeta, tabetha, tabitha, tad, tai, taina, taisha, tajuana, takako, takisha, talia, talisha, talitha, tama, tamar, tamara, tamatha, tambra, tameika, tameka, tamekia, tamela, tamera, tamesha, tami, tamica, tamie, tamiko, tamisha, sixta, tammara, tammera, tammi, tammie, tammy, tana, tandra, tandy, taneka, tanesha, tangela, tania, tanika, tanja, tanna, tanner, tara, tarah, taren, tarra, tarsha, taryn, tasha, tashia, tashina, tasia, tatiana, tatum, tatyana, taunya, tawana, tawanda, tawanna, tawna, tawnya, stan, taylor, tayna, ted, teddy, tegan, stasia, telma, temeka, temika, tempie, temple, tena, tenesha, stephaine, tenisha, tennie, tennille, teodora, teodoro, stephany, teofila, tequila, tera, tereasa, terence, teresa, teresia, teresita, teressa, teri, terica, terina, terisa, terra, terrance, terrell, terrence, terresa, terri, terrie, terrilyn, terry, tesha, tessa, tessie, thad, thaddeus, thalia, thanh, thao, thatll, thats, thatve, theda, thelma, suzie, theo, theodora, theodore, theola, thered, tabatha, therell, therere, theresa, therese, theressa, thereve, theron, thersa, tam, theyd, tamala, theyll, theyre, theyve, thi, thomas, thomasena, thomasina, thomasine, thora, tamika, tamra, thu, thurman, thuy, tia, tiana, tianna, tanisha, tiara, tien, tiera, tanya, tierra, tiesha, tifany, tari, tiffaney, tiffani, tiffanie, tiffany, tiffiny, tijuana, til, tilda, tillie, tim, timika, timmy, timothy, tina, tawny, tinisha, tiny, tisa, tish, teena, tisha, teisha, titus, tobi, tobias, tobie, toby, toccara, tod, toi, tom, tomas, tomasa, tomeka, tomi, tomika, tomiko, terese, tommie, tommy, tommye, tomoko, tona, tonda, tonette, toney, tonia, tonie, tonisha, tonita, tonja, tony, tonya, tora, tess, tori, torie, torri, torrie, tory, tosha, toshia, thea, toshiko, tova, towanda, toya, tracee, traci, tracie, theresia, tracy, tran, trang, travis, treasa, treena, trena, trent, trenton, tresa, tressa, tressie, treva, trevor, trey, tricia, trina, trinh, trinidad, trinity, trisha, trista, tristan, troy, trudi, trudie, trudy, trula, truman, tuan, tula, tuyet, twana, twanda, twanna, twenty, twila, twyla, tyesha, tyisha, tyler, tynisha, todd, tyra, tyree, tyron, tyrone, tyson, ulrike, ulysses, una, unto, toni, ursula, usha, ute, vada, val, valarie, valda, valencia, valene, valentin, valentina, valentine, valeri, valeria, valerie, tracey, valery, valorie, valrie, van, vanda, vanesa, vanessa, vanetta, vania, vanita, vanna, vannesa, vannessa, vashti, vasiliki, vaughn, veda, velda, velia, vella, velma, trish, velva, velvet, vena, venessa, venetta, venice, venita, vennie, venus, veola, vera, verda, verdell, verdie, verena, vergie, verla, verlene, verlie, verline, vern, verna, vernell, vernetta, vernia, tyrell, vernice, vernie, vernita, ula, vernon, verona, veronica, veronika, veronique, versie, vertie, vesta, veta, vicenta, vicente, vickey, vickie, vicky, victor, victoria, vida, vallie, viki, vikki, vilma, vance, vina, vince, vincent, vincenza, vincenzo, vinita, vinnie, viola, violet, violeta, violette, virgen, virgie, virgil, virgilio, virgina, virginia, vita, vito, viva, vivan, vivian, viviana, vivien, vivienne, vol, vols, von, voncile, vonda, vonnie, wade, wai, waldo, walker, wallace, wally, walter, walton, waltraud, wan, wanda, waneta, wanetta, wanita, warner, warren, wava, waylon, wayne, wed, vicki, wei, weldon, wen, victorina, wendell, wendi, wendie, wendolyn, wendy, wenona, werent, werner, wes, wesley, weston, weve, whitley, whitney, wilber, wilbert, wilbur, wilburn, wilda, wiley, wilford, wilfred, wilfredo, wilhelmina, wilhemina, willa, willard, willena, willene, willetta, willette, willia, william, williams, willian, willie, williemae, willis, willodean, willow, willy, wilma, wilmer, wilson, wilton, windy, winford, winfred, winifred, winnie, winnifred, winona, winston, wonda, woodrow, wouldnt, wyatt, wynell, wynona, xavier, xenia, xiao, xiomara, xochitl, xuan, yadira, yaeko, yael, yahaira, yajaira, yan, yang, yanira, yasmin, yasmine, yasuko, yee, yelena, yen, yer, yesenia, yessenia, yetta, yevette, ying, yoko, yolanda, yolande, yolando, yolonda, yon, yong, yoshie, yoshiko, yuette, yuk, yuki, yukiko, yuko, yulanda, yun, yung, yuonne, yuri, yuriko, yvette, yvone, yvonne, zachariah, zachary, zachery, zack, zackary, zada, zaida, zana, zandra, zane, zelda, zella, zelma, zena, zenaida, zenia, zenobia, zetta, zina, zita, zoe, zofia, zoila, zola, zona, zonia, zora, zoraida, zula, zulema, zulma,